source,target,weight
Vicky Ward,Jeffrey Epstein,8
Vicky Ward,Lesley Groff,1
Vicky Ward,Faith Kates,1
Vicky Ward,Gmax,1
Vicky Ward,Ghislaine Maxwell,1
Vicky Ward,Landon Thomas,2
Vicky Ward,Landon Thomas Jr.,2
Danny Goldberg,Paul Krassner,1
Danny Goldberg,paul krassner,1
Danny Goldberg,Kevin Bright,1
James Ramsey,Jeffrey Epstein,2
James Ramsey,Janet Kafka,2
James Ramsey,Joel Dunn,1
James Ramsey,Terry Kafka,2
James Ramsey,ACT for America,2
James Ramsey,Adj Kearsarge,2
James Ramsey,Allen West,2
James Ramsey,Bennet Greenwald,1
James Ramsey,Bennett Schmidt,2
James Ramsey,Dennis Prager,1
James Ramsey,Forrest Miller,2
James Ramsey,Gary Gross,2
James Ramsey,Grant Seeger,2
James Ramsey,Henry Hortenstine,2
James Ramsey,Herb Goodman,2
James Ramsey,House,1
James Ramsey,John Zouzelka,2
James Ramsey,Lisa Albert,1
James Ramsey,Marcie Brown,2
James Ramsey,Mark Epstein,2
James Ramsey,Marshall Funk,2
James Ramsey,Michael Horowitz,1
James Ramsey,Michael Pis,2
James Ramsey,Michael Stechel Buchholtz,1
James Ramsey,Mike Cohen,2
James Ramsey,Nate McClain,1
James Ramsey,Nate White,2
James Ramsey,Neil Anderson,2
James Ramsey,Philip Kafka,2
James Ramsey,Rafael Bardaji,2
James Ramsey,Rita Hortenstine,2
James Ramsey,Taal Safdie,2
James Ramsey,Uri Fouzailov,2
James Ramsey,Val Sherman,2
Jacqui Safra,Jeffrey Epstein,1
Jacqui Safra,John Brockman,1
Jacqui Safra,Bill Gates,1
Jacqui Safra,Bill Joy,1
Jacqui Safra,Charles Simonyi,1
Jacqui Safra,Craig Venter,1
Jacqui Safra,Danny Hillis,1
Jacqui Safra,Dean Kamen,1
Jacqui Safra,Elon Musk,1
Jacqui Safra,Eric Schmidt,1
Jacqui Safra,Evan Williams,1
Jacqui Safra,Hubert Burda,1
Jacqui Safra,Jean Pigozzi,1
Jacqui Safra,Jeff Bezos,1
Jacqui Safra,Jeff Skoll,1
Jacqui Safra,Jimmy Wales,1
Jacqui Safra,John Doerr,1
Jacqui Safra,Kary Mullis,1
Jacqui Safra,Larry Page,1
Jacqui Safra,Maja Hoffman,1
Jacqui Safra,Marissa Mayer,1
Jacqui Safra,Mark Zuckerberg,1
Jacqui Safra,Miuccia Prada,1
Jacqui Safra,Nathan Myhrvold,1
Jacqui Safra,Nick Pritzker,1
Jacqui Safra,Paul Allen,1
Jacqui Safra,Pierre Omidyar,1
Jacqui Safra,Ricardo Salinas Pilego,1
Jacqui Safra,Salar Kamangar,1
Jacqui Safra,Sean Parker,1
Jacqui Safra,Sergey Brin,1
Jacqui Safra,Steve Case,1
Jacqui Safra,Tony Fadell,1
Jacqui Safra,Vinod Khosla,1
Virginia Hughes,Jeffrey Epstein,3
Virginia Hughes,Lawrence Krauss,6
Virginia Hughes,Peter Aldhous,6
Virginia Hughes,Azeen Ghorayshi,6
Virginia Hughes,Cynthia Jewett,6
Virginia Hughes,Erin Ellison,6
Virginia Hughes,Kiaran Kirk,6
Virginia Hughes,Susan Nickel-Schindewolf,6
Ghislaine Maxwell,Jeffrey Epstein,4
Ghislaine Maxwell,Alan Dershowitz,3
Ghislaine Maxwell,Bradley Edwards,2
Ghislaine Maxwell,Jack Scarola,2
Ghislaine Maxwell,Kathy Ruemmler,2
Ghislaine Maxwell,Larry Summers,2
Ghislaine Maxwell,Paul Cassell,2
Ghislaine Maxwell,Virginia Roberts,2
Ghislaine Maxwell,Larry Visoski,1
Lisa Albert,Jeffrey Epstein,1
Lisa Albert,Janet Kafka,1
Lisa Albert,Joel Dunn,1
Lisa Albert,Terry Kafka,1
Lisa Albert,ACT for America,1
Lisa Albert,Adj Kearsarge,1
Lisa Albert,Allen West,1
Lisa Albert,Bennet Greenwald,1
Lisa Albert,Bennett Schmidt,1
Lisa Albert,Dennis Prager,1
Lisa Albert,Forrest Miller,1
Lisa Albert,Gary Gross,1
Lisa Albert,Grant Seeger,1
Lisa Albert,Henry Hortenstine,1
Lisa Albert,Herb Goodman,1
Lisa Albert,House,1
Lisa Albert,John Zouzelka,1
Lisa Albert,Marcie Brown,1
Lisa Albert,Mark Epstein,1
Lisa Albert,Marshall Funk,1
Lisa Albert,Michael Horowitz,1
Lisa Albert,Michael Pis,1
Lisa Albert,Michael Stechel Buchholtz,1
Lisa Albert,Mike Cohen,1
Lisa Albert,Nate McClain,1
Lisa Albert,Nate White,1
Lisa Albert,Neil Anderson,1
Lisa Albert,Philip Kafka,1
Lisa Albert,Rafael Bardaji,1
Lisa Albert,Rita Hortenstine,1
Lisa Albert,Taal Safdie,1
Lisa Albert,Uri Fouzailov,1
Lisa Albert,Val Sherman,1
Brad Wechsler,Jeffrey Epstein,6
Brad Wechsler,Darren Indyke,1
Brad Wechsler,Lesley Groff,2
Brad Wechsler,Larry,1
Brad Wechsler,Richard Kahn,2
Brad Wechsler,Barry J. Cohen,2
Brad Wechsler,Heather Gray,2
Brad Wechsler,Joe Avantario,2
Brad Wechsler,John Castrucci,3
Brad Wechsler,Larry Delson,2
Brad Wechsler,Leon,1
Brad Wechsler,Melanie Spinella,4
Brad Wechsler,Richard Joslin,3
Brad Wechsler,Thomas Turrin,2
Brad Wechsler,Tom,1
Brad Wechsler,Wendy Dolman,2
Wendy Dolman,Jeffrey Epstein,2
Wendy Dolman,Darren Indyke,1
Wendy Dolman,Lesley Groff,2
Wendy Dolman,Larry,1
Wendy Dolman,Richard Kahn,1
Wendy Dolman,Barry J. Cohen,2
Wendy Dolman,Heather Gray,2
Wendy Dolman,Joe Avantario,2
Wendy Dolman,John Castrucci,2
Wendy Dolman,Larry Delson,2
Wendy Dolman,Leon,1
Wendy Dolman,Melanie Spinella,2
Wendy Dolman,Richard Joslin,2
Wendy Dolman,Thomas Turrin,2
Wendy Dolman,Tom,1
Martin G. Weinberg,Jeffrey Epstein,29
Martin G. Weinberg,Jack Goldberger,4
Martin G. Weinberg,Darren Indyke,5
Martin G. Weinberg,Alan Dershowitz,5
Martin G. Weinberg,Kenneth Starr,3
Martin G. Weinberg,Martin Weinberg,10
Martin G. Weinberg,Kathy Ruemmler,9
Martin G. Weinberg,Michael Wolff,6
Martin G. Weinberg,Brad Edwards,3
Martin G. Weinberg,J,3
Martin G. Weinberg,Jack Scarola,3
Martin G. Weinberg,Paul Cassell,3
Lubna Qassim,Jeffrey Epstein,3
Lubna Qassim,Kathy Ruemmler,3
Lubna Qassim,Andrew Khouri,2
Lubna Qassim,David Boies,1
Martin Weinberg,Jeffrey Epstein,52
Martin Weinberg,Robert D. Critton Jr.,4
Martin Weinberg,Jessica Cadwell,3
Martin Weinberg,Jack Goldberger,16
Martin Weinberg,Darren Indyke,11
Martin Weinberg,Alan Dershowitz,15
Martin Weinberg,Alan M. Dershowitz,8
Martin Weinberg,Kenneth Starr,5
Martin Weinberg,Lanna Belohlavek,5
Martin Weinberg,Michael Reiter,6
Martin Weinberg,GMAX,1
Martin Weinberg,Jay Lefkowitz,2
Martin Weinberg,Darren lndyke,6
Martin Weinberg,Kathy Ruemmler,14
Martin Weinberg,Virginia Roberts,1
Martin Weinberg,Michael Wolff,4
Martin Weinberg,Lesley Groff,1
Martin Weinberg,J,5
Martin Weinberg,Ken Starr,3
Martin Weinberg,Reid Weingarten,2
Martin Weinberg,Brad Edwards,1
Martin Weinberg,Jack Scarola,1
Martin Weinberg,Paul Cassell,1
Martin Weinberg,Bradley Edwards,1
Mark Zuckerberg,Jeffrey Epstein,1
Mark Zuckerberg,John Brockman,1
Mark Zuckerberg,Bill Gates,1
Mark Zuckerberg,Bill Joy,1
Mark Zuckerberg,Charles Simonyi,1
Mark Zuckerberg,Craig Venter,1
Mark Zuckerberg,Danny Hillis,1
Mark Zuckerberg,Dean Kamen,1
Mark Zuckerberg,Elon Musk,1
Mark Zuckerberg,Eric Schmidt,1
Mark Zuckerberg,Evan Williams,1
Mark Zuckerberg,Hubert Burda,1
Mark Zuckerberg,Jean Pigozzi,1
Mark Zuckerberg,Jeff Bezos,1
Mark Zuckerberg,Jeff Skoll,1
Mark Zuckerberg,Jimmy Wales,1
Mark Zuckerberg,John Doerr,1
Mark Zuckerberg,Kary Mullis,1
Mark Zuckerberg,Larry Page,1
Mark Zuckerberg,Maja Hoffman,1
Mark Zuckerberg,Marissa Mayer,1
Mark Zuckerberg,Miuccia Prada,1
Mark Zuckerberg,Nathan Myhrvold,1
Mark Zuckerberg,Nick Pritzker,1
Mark Zuckerberg,Paul Allen,1
Mark Zuckerberg,Pierre Omidyar,1
Mark Zuckerberg,Ricardo Salinas Pilego,1
Mark Zuckerberg,Salar Kamangar,1
Mark Zuckerberg,Sean Parker,1
Mark Zuckerberg,Sergey Brin,1
Mark Zuckerberg,Steve Case,1
Mark Zuckerberg,Tony Fadell,1
Mark Zuckerberg,Vinod Khosla,1
Landon Thomas Jr.,Jeffrey Epstein,116
Landon Thomas Jr.,Darren lndyke,1
Landon Thomas Jr.,Landon Thomas,3
Landon Thomas Jr.,John Connolly,1
Landon Thomas Jr.,Kathy Ruemmler,1
Richard Kahn,Jeffrey Epstein,140
Richard Kahn,Peggy Siegal,4
Richard Kahn,Darren Indyke,4
Richard Kahn,Lesley Groff,1
Richard Kahn,Darren lndyke,3
Richard Kahn,John Castrucci,2
Richard Kahn,Richard Joslin,2
Richard Kahn,Rich Kahn,1
Richard Kahn,Barry J. Cohen,1
Richard Kahn,Heather Gray,1
Richard Kahn,Joe Avantario,1
Richard Kahn,Larry Delson,1
Richard Kahn,Melanie Spinella,1
Richard Kahn,Thomas Turrin,1
Richard Kahn,Larry Visoski,1
Richard Kahn,Michael Wolff,1
Rita Hortenstine,Jeffrey Epstein,2
Rita Hortenstine,Janet Kafka,2
Rita Hortenstine,Joel Dunn,1
Rita Hortenstine,Terry Kafka,2
Rita Hortenstine,ACT for America,2
Rita Hortenstine,Adj Kearsarge,2
Rita Hortenstine,Allen West,2
Rita Hortenstine,Bennet Greenwald,1
Rita Hortenstine,Bennett Schmidt,2
Rita Hortenstine,Dennis Prager,1
Rita Hortenstine,Forrest Miller,2
Rita Hortenstine,Gary Gross,2
Rita Hortenstine,Grant Seeger,2
Rita Hortenstine,Henry Hortenstine,2
Rita Hortenstine,Herb Goodman,2
Rita Hortenstine,House,1
Rita Hortenstine,John Zouzelka,2
Rita Hortenstine,Marcie Brown,2
Rita Hortenstine,Mark Epstein,2
Rita Hortenstine,Marshall Funk,2
Rita Hortenstine,Michael Horowitz,1
Rita Hortenstine,Michael Pis,2
Rita Hortenstine,Michael Stechel Buchholtz,1
Rita Hortenstine,Mike Cohen,2
Rita Hortenstine,Nate McClain,1
Rita Hortenstine,Nate White,2
Rita Hortenstine,Neil Anderson,2
Rita Hortenstine,Philip Kafka,2
Rita Hortenstine,Rafael Bardaji,2
Rita Hortenstine,Taal Safdie,2
Rita Hortenstine,Uri Fouzailov,2
Rita Hortenstine,Val Sherman,2
Larry,Jeffrey Epstein,7
Larry,Darren Indyke,2
Larry,Lesley Groff,3
Larry,Rich Kahn,2
Larry,Barry J. Cohen,1
Larry,Heather Gray,1
Larry,Joe Avantario,1
Larry,John Castrucci,1
Larry,Larry Delson,1
Larry,Leon,1
Larry,Melanie Spinella,1
Larry,Richard Joslin,1
Larry,Thomas Turrin,1
Larry,Tom,1
Cynthia Jewett,Jeffrey Epstein,3
Cynthia Jewett,Lawrence Krauss,6
Cynthia Jewett,Peter Aldhous,6
Cynthia Jewett,Azeen Ghorayshi,6
Cynthia Jewett,Erin Ellison,6
Cynthia Jewett,Kiaran Kirk,6
Cynthia Jewett,Susan Nickel-Schindewolf,6
Reid Weingarten,Jeffrey Epstein,106
Reid Weingarten,Darren Indyke,4
Reid Weingarten,Alan Dershowitz,1
Reid Weingarten,Michael Miller,8
Reid Weingarten,Ken Starr,3
Reid Weingarten,Kathy Ruemmler,1
Reid Weingarten,Leon,1
Reid Weingarten,Steve Bannon,1
Reid Weingarten,J,2
Craig Venter,Jeffrey Epstein,1
Craig Venter,John Brockman,1
Craig Venter,Bill Gates,1
Craig Venter,Bill Joy,1
Craig Venter,Charles Simonyi,1
Craig Venter,Danny Hillis,1
Craig Venter,Dean Kamen,1
Craig Venter,Elon Musk,1
Craig Venter,Eric Schmidt,1
Craig Venter,Evan Williams,1
Craig Venter,Hubert Burda,1
Craig Venter,Jean Pigozzi,1
Craig Venter,Jeff Bezos,1
Craig Venter,Jeff Skoll,1
Craig Venter,Jimmy Wales,1
Craig Venter,John Doerr,1
Craig Venter,Kary Mullis,1
Craig Venter,Larry Page,1
Craig Venter,Maja Hoffman,1
Craig Venter,Marissa Mayer,1
Craig Venter,Miuccia Prada,1
Craig Venter,Nathan Myhrvold,1
Craig Venter,Nick Pritzker,1
Craig Venter,Paul Allen,1
Craig Venter,Pierre Omidyar,1
Craig Venter,Ricardo Salinas Pilego,1
Craig Venter,Salar Kamangar,1
Craig Venter,Sean Parker,1
Craig Venter,Sergey Brin,1
Craig Venter,Steve Case,1
Craig Venter,Tony Fadell,1
Craig Venter,Vinod Khosla,1
Henry Hortenstine,Jeffrey Epstein,2
Henry Hortenstine,Janet Kafka,2
Henry Hortenstine,Joel Dunn,1
Henry Hortenstine,Terry Kafka,2
Henry Hortenstine,ACT for America,2
Henry Hortenstine,Adj Kearsarge,2
Henry Hortenstine,Allen West,2
Henry Hortenstine,Bennet Greenwald,1
Henry Hortenstine,Bennett Schmidt,2
Henry Hortenstine,Dennis Prager,1
Henry Hortenstine,Forrest Miller,2
Henry Hortenstine,Gary Gross,2
Henry Hortenstine,Grant Seeger,2
Henry Hortenstine,Herb Goodman,2
Henry Hortenstine,House,1
Henry Hortenstine,John Zouzelka,2
Henry Hortenstine,Marcie Brown,2
Henry Hortenstine,Mark Epstein,2
Henry Hortenstine,Marshall Funk,2
Henry Hortenstine,Michael Horowitz,1
Henry Hortenstine,Michael Pis,2
Henry Hortenstine,Michael Stechel Buchholtz,1
Henry Hortenstine,Mike Cohen,2
Henry Hortenstine,Nate McClain,1
Henry Hortenstine,Nate White,2
Henry Hortenstine,Neil Anderson,2
Henry Hortenstine,Philip Kafka,2
Henry Hortenstine,Rafael Bardaji,2
Henry Hortenstine,Taal Safdie,2
Henry Hortenstine,Uri Fouzailov,2
Henry Hortenstine,Val Sherman,2
Sergey Brin,Jeffrey Epstein,1
Sergey Brin,John Brockman,1
Sergey Brin,Bill Gates,1
Sergey Brin,Bill Joy,1
Sergey Brin,Charles Simonyi,1
Sergey Brin,Danny Hillis,1
Sergey Brin,Dean Kamen,1
Sergey Brin,Elon Musk,1
Sergey Brin,Eric Schmidt,1
Sergey Brin,Evan Williams,1
Sergey Brin,Hubert Burda,1
Sergey Brin,Jean Pigozzi,1
Sergey Brin,Jeff Bezos,1
Sergey Brin,Jeff Skoll,1
Sergey Brin,Jimmy Wales,1
Sergey Brin,John Doerr,1
Sergey Brin,Kary Mullis,1
Sergey Brin,Larry Page,1
Sergey Brin,Maja Hoffman,1
Sergey Brin,Marissa Mayer,1
Sergey Brin,Miuccia Prada,1
Sergey Brin,Nathan Myhrvold,1
Sergey Brin,Nick Pritzker,1
Sergey Brin,Paul Allen,1
Sergey Brin,Pierre Omidyar,1
Sergey Brin,Ricardo Salinas Pilego,1
Sergey Brin,Salar Kamangar,1
Sergey Brin,Sean Parker,1
Sergey Brin,Steve Case,1
Sergey Brin,Tony Fadell,1
Sergey Brin,Vinod Khosla,1
Tony Fadell,Jeffrey Epstein,1
Tony Fadell,John Brockman,1
Tony Fadell,Bill Gates,1
Tony Fadell,Bill Joy,1
Tony Fadell,Charles Simonyi,1
Tony Fadell,Danny Hillis,1
Tony Fadell,Dean Kamen,1
Tony Fadell,Elon Musk,1
Tony Fadell,Eric Schmidt,1
Tony Fadell,Evan Williams,1
Tony Fadell,Hubert Burda,1
Tony Fadell,Jean Pigozzi,1
Tony Fadell,Jeff Bezos,1
Tony Fadell,Jeff Skoll,1
Tony Fadell,Jimmy Wales,1
Tony Fadell,John Doerr,1
Tony Fadell,Kary Mullis,1
Tony Fadell,Larry Page,1
Tony Fadell,Maja Hoffman,1
Tony Fadell,Marissa Mayer,1
Tony Fadell,Miuccia Prada,1
Tony Fadell,Nathan Myhrvold,1
Tony Fadell,Nick Pritzker,1
Tony Fadell,Paul Allen,1
Tony Fadell,Pierre Omidyar,1
Tony Fadell,Ricardo Salinas Pilego,1
Tony Fadell,Salar Kamangar,1
Tony Fadell,Sean Parker,1
Tony Fadell,Steve Case,1
Tony Fadell,Vinod Khosla,1
Paul Allen,Jeffrey Epstein,1
Paul Allen,John Brockman,1
Paul Allen,Bill Gates,1
Paul Allen,Bill Joy,1
Paul Allen,Charles Simonyi,1
Paul Allen,Danny Hillis,1
Paul Allen,Dean Kamen,1
Paul Allen,Elon Musk,1
Paul Allen,Eric Schmidt,1
Paul Allen,Evan Williams,1
Paul Allen,Hubert Burda,1
Paul Allen,Jean Pigozzi,1
Paul Allen,Jeff Bezos,1
Paul Allen,Jeff Skoll,1
Paul Allen,Jimmy Wales,1
Paul Allen,John Doerr,1
Paul Allen,Kary Mullis,1
Paul Allen,Larry Page,1
Paul Allen,Maja Hoffman,1
Paul Allen,Marissa Mayer,1
Paul Allen,Miuccia Prada,1
Paul Allen,Nathan Myhrvold,1
Paul Allen,Nick Pritzker,1
Paul Allen,Pierre Omidyar,1
Paul Allen,Ricardo Salinas Pilego,1
Paul Allen,Salar Kamangar,1
Paul Allen,Sean Parker,1
Paul Allen,Steve Case,1
Paul Allen,Vinod Khosla,1
Jeff Bezos,Jeffrey Epstein,1
Jeff Bezos,John Brockman,1
Jeff Bezos,Bill Gates,1
Jeff Bezos,Bill Joy,1
Jeff Bezos,Charles Simonyi,1
Jeff Bezos,Danny Hillis,1
Jeff Bezos,Dean Kamen,1
Jeff Bezos,Elon Musk,1
Jeff Bezos,Eric Schmidt,1
Jeff Bezos,Evan Williams,1
Jeff Bezos,Hubert Burda,1
Jeff Bezos,Jean Pigozzi,1
Jeff Bezos,Jeff Skoll,1
Jeff Bezos,Jimmy Wales,1
Jeff Bezos,John Doerr,1
Jeff Bezos,Kary Mullis,1
Jeff Bezos,Larry Page,1
Jeff Bezos,Maja Hoffman,1
Jeff Bezos,Marissa Mayer,1
Jeff Bezos,Miuccia Prada,1
Jeff Bezos,Nathan Myhrvold,1
Jeff Bezos,Nick Pritzker,1
Jeff Bezos,Pierre Omidyar,1
Jeff Bezos,Ricardo Salinas Pilego,1
Jeff Bezos,Salar Kamangar,1
Jeff Bezos,Sean Parker,1
Jeff Bezos,Steve Case,1
Jeff Bezos,Vinod Khosla,1
Nick Pritzker,Jeffrey Epstein,1
Nick Pritzker,John Brockman,1
Nick Pritzker,Bill Gates,1
Nick Pritzker,Bill Joy,1
Nick Pritzker,Charles Simonyi,1
Nick Pritzker,Danny Hillis,1
Nick Pritzker,Dean Kamen,1
Nick Pritzker,Elon Musk,1
Nick Pritzker,Eric Schmidt,1
Nick Pritzker,Evan Williams,1
Nick Pritzker,Hubert Burda,1
Nick Pritzker,Jean Pigozzi,1
Nick Pritzker,Jeff Skoll,1
Nick Pritzker,Jimmy Wales,1
Nick Pritzker,John Doerr,1
Nick Pritzker,Kary Mullis,1
Nick Pritzker,Larry Page,1
Nick Pritzker,Maja Hoffman,1
Nick Pritzker,Marissa Mayer,1
Nick Pritzker,Miuccia Prada,1
Nick Pritzker,Nathan Myhrvold,1
Nick Pritzker,Pierre Omidyar,1
Nick Pritzker,Ricardo Salinas Pilego,1
Nick Pritzker,Salar Kamangar,1
Nick Pritzker,Sean Parker,1
Nick Pritzker,Steve Case,1
Nick Pritzker,Vinod Khosla,1
Nate McClain,Jeffrey Epstein,1
Nate McClain,Janet Kafka,1
Nate McClain,Joel Dunn,1
Nate McClain,Terry Kafka,1
Nate McClain,ACT for America,1
Nate McClain,Adj Kearsarge,1
Nate McClain,Allen West,1
Nate McClain,Bennet Greenwald,1
Nate McClain,Bennett Schmidt,1
Nate McClain,Dennis Prager,1
Nate McClain,Forrest Miller,1
Nate McClain,Gary Gross,1
Nate McClain,Grant Seeger,1
Nate McClain,Herb Goodman,1
Nate McClain,House,1
Nate McClain,John Zouzelka,1
Nate McClain,Marcie Brown,1
Nate McClain,Mark Epstein,1
Nate McClain,Marshall Funk,1
Nate McClain,Michael Horowitz,1
Nate McClain,Michael Pis,1
Nate McClain,Michael Stechel Buchholtz,1
Nate McClain,Mike Cohen,1
Nate McClain,Nate White,1
Nate McClain,Neil Anderson,1
Nate McClain,Philip Kafka,1
Nate McClain,Rafael Bardaji,1
Nate McClain,Taal Safdie,1
Nate McClain,Uri Fouzailov,1
Nate McClain,Val Sherman,1
Larry Summers,Jeffrey Epstein,40
Larry Summers,Alan Dershowitz,2
Larry Summers,Bradley Edwards,2
Larry Summers,Jack Scarola,2
Larry Summers,Kathy Ruemmler,2
Larry Summers,Paul Cassell,2
Larry Summers,Virginia Roberts,2
Larry Summers,Larry Visoski,1
Larry Summers,J,4
ACT for America,Jeffrey Epstein,2
ACT for America,Janet Kafka,2
ACT for America,Joel Dunn,1
ACT for America,Terry Kafka,2
ACT for America,Adj Kearsarge,2
ACT for America,Allen West,2
ACT for America,Bennet Greenwald,1
ACT for America,Bennett Schmidt,2
ACT for America,Dennis Prager,1
ACT for America,Forrest Miller,2
ACT for America,Gary Gross,2
ACT for America,Grant Seeger,2
ACT for America,Herb Goodman,2
ACT for America,House,1
ACT for America,John Zouzelka,2
ACT for America,Marcie Brown,2
ACT for America,Mark Epstein,2
ACT for America,Marshall Funk,2
ACT for America,Michael Horowitz,1
ACT for America,Michael Pis,2
ACT for America,Michael Stechel Buchholtz,1
ACT for America,Mike Cohen,2
ACT for America,Nate White,2
ACT for America,Neil Anderson,2
ACT for America,Philip Kafka,2
ACT for America,Rafael Bardaji,2
ACT for America,Taal Safdie,2
ACT for America,Uri Fouzailov,2
ACT for America,Val Sherman,2
Herb Goodman,Jeffrey Epstein,2
Herb Goodman,Janet Kafka,2
Herb Goodman,Joel Dunn,1
Herb Goodman,Terry Kafka,2
Herb Goodman,Adj Kearsarge,2
Herb Goodman,Allen West,2
Herb Goodman,Bennet Greenwald,1
Herb Goodman,Bennett Schmidt,2
Herb Goodman,Dennis Prager,1
Herb Goodman,Forrest Miller,2
Herb Goodman,Gary Gross,2
Herb Goodman,Grant Seeger,2
Herb Goodman,House,1
Herb Goodman,John Zouzelka,2
Herb Goodman,Marcie Brown,2
Herb Goodman,Mark Epstein,2
Herb Goodman,Marshall Funk,2
Herb Goodman,Michael Horowitz,1
Herb Goodman,Michael Pis,2
Herb Goodman,Michael Stechel Buchholtz,1
Herb Goodman,Mike Cohen,2
Herb Goodman,Nate White,2
Herb Goodman,Neil Anderson,2
Herb Goodman,Philip Kafka,2
Herb Goodman,Rafael Bardaji,2
Herb Goodman,Taal Safdie,2
Herb Goodman,Uri Fouzailov,2
Herb Goodman,Val Sherman,2
Faith Kates,Jeffrey Epstein,13
Faith Kates,John Connolly,2
Faith Kates,Google Alerts,1
Jeffrey Epstein,Peggy Siegal,24
Jeffrey Epstein,Jessica Cadwell,11
Jeffrey Epstein,Robert D. Critton Jr.,14
Jeffrey Epstein,Jack Goldberger,29
Jeffrey Epstein,Darren Indyke,90
Jeffrey Epstein,Boris Nikolic,46
Jeffrey Epstein,Alan Dershowitz,31
Jeffrey Epstein,Alan M. Dershowitz,11
Jeffrey Epstein,Kenneth Starr,7
Jeffrey Epstein,Lanna Belohlavek,5
Jeffrey Epstein,Michael Reiter,7
Jeffrey Epstein,Tom Pritzker,16
Jeffrey Epstein,Lesley Groff,52
Jeffrey Epstein,Gmax,5
Jeffrey Epstein,John Brockman,4
Jeffrey Epstein,Paul Prosperi,1
Jeffrey Epstein,GMAX,9
Jeffrey Epstein,Jay Lefkowitz,9
Jeffrey Epstein,Darren lndyke,21
Jeffrey Epstein,Landon Thomas,5
Jeffrey Epstein,Lawrence Krauss,37
Jeffrey Epstein,Rich Kahn,9
Jeffrey Epstein,Stephanie,2
Jeffrey Epstein,Bill Gates,5
Jeffrey Epstein,Bill Joy,1
Jeffrey Epstein,Charles Simonyi,1
Jeffrey Epstein,Danny Hillis,1
Jeffrey Epstein,Dean Kamen,1
Jeffrey Epstein,Elon Musk,1
Jeffrey Epstein,Eric Schmidt,1
Jeffrey Epstein,Evan Williams,1
Jeffrey Epstein,Hubert Burda,1
Jeffrey Epstein,Jean Pigozzi,1
Jeffrey Epstein,Jeff Skoll,1
Jeffrey Epstein,Jimmy Wales,1
Jeffrey Epstein,John Doerr,1
Jeffrey Epstein,Kary Mullis,1
Jeffrey Epstein,Larry Page,1
Jeffrey Epstein,Maja Hoffman,1
Jeffrey Epstein,Marissa Mayer,1
Jeffrey Epstein,Miuccia Prada,1
Jeffrey Epstein,Nathan Myhrvold,1
Jeffrey Epstein,Pierre Omidyar,1
Jeffrey Epstein,Ricardo Salinas Pilego,1
Jeffrey Epstein,Salar Kamangar,1
Jeffrey Epstein,Sean Parker,1
Jeffrey Epstein,Steve Case,1
Jeffrey Epstein,Vinod Khosla,1
Jeffrey Epstein,Peter Thiel,9
Jeffrey Epstein,Bill Siegel,4
Jeffrey Epstein,Jamie Glazov,2
Jeffrey Epstein,Tonja Haddad Coleman,13
Jeffrey Epstein,Brad Bowen,3
Jeffrey Epstein,Mark L. Epstein,5
Jeffrey Epstein,Terry Kafka,5
Jeffrey Epstein,Google Alerts,6
Jeffrey Epstein,Larry Visoski,42
Jeffrey Epstein,Kathy Ruemmler,126
Jeffrey Epstein,Michael Wolff,161
Jeffrey Epstein,Bradley Edwards,3
Jeffrey Epstein,Jack Scarola,5
Jeffrey Epstein,Paul Cassell,5
Jeffrey Epstein,Virginia Roberts,3
Jeffrey Epstein,Elizabeth Lee Sample,1
Jeffrey Epstein,Fitz Corr,1
Jeffrey Epstein,Adj Kearsarge,2
Jeffrey Epstein,Allen West,2
Jeffrey Epstein,Bennet Greenwald,1
Jeffrey Epstein,Bennett Schmidt,2
Jeffrey Epstein,Dennis Prager,1
Jeffrey Epstein,Forrest Miller,2
Jeffrey Epstein,Gary Gross,2
Jeffrey Epstein,Grant Seeger,2
Jeffrey Epstein,House,1
Jeffrey Epstein,Janet Kafka,4
Jeffrey Epstein,Joel Dunn,1
Jeffrey Epstein,John Zouzelka,2
Jeffrey Epstein,Marcie Brown,2
Jeffrey Epstein,Mark Epstein,2
Jeffrey Epstein,Marshall Funk,2
Jeffrey Epstein,Michael Horowitz,1
Jeffrey Epstein,Michael Pis,2
Jeffrey Epstein,Michael Stechel Buchholtz,1
Jeffrey Epstein,Mike Cohen,2
Jeffrey Epstein,Nate White,2
Jeffrey Epstein,Neil Anderson,2
Jeffrey Epstein,Philip Kafka,5
Jeffrey Epstein,Rafael Bardaji,2
Jeffrey Epstein,Taal Safdie,2
Jeffrey Epstein,Uri Fouzailov,2
Jeffrey Epstein,Val Sherman,2
Jeffrey Epstein,Brad Edwards,7
Jeffrey Epstein,Stephen J. Immelt,1
Jeffrey Epstein,Steven Hoffenberg,11
Jeffrey Epstein,John Connolly,1
Jeffrey Epstein,Barry J. Cohen,7
Jeffrey Epstein,Heather Gray,2
Jeffrey Epstein,Joe Avantario,2
Jeffrey Epstein,John Castrucci,3
Jeffrey Epstein,Larry Delson,2
Jeffrey Epstein,Leon,2
Jeffrey Epstein,Melanie Spinella,10
Jeffrey Epstein,Richard Joslin,3
Jeffrey Epstein,Thomas Turrin,2
Jeffrey Epstein,Tom,1
Jeffrey Epstein,Michael Miller,9
Jeffrey Epstein,Andrew Khouri,2
Jeffrey Epstein,David Boies,1
Jeffrey Epstein,Ken Starr,18
Jeffrey Epstein,Steve Bannon,84
Jeffrey Epstein,Robert Trivers,18
Jeffrey Epstein,Paul Krassner,9
Jeffrey Epstein,Nancy Cain,1
Jeffrey Epstein,paul krassner,12
Jeffrey Epstein,Peter Aldhous,4
Jeffrey Epstein,Azeen Ghorayshi,3
Jeffrey Epstein,Erin Ellison,3
Jeffrey Epstein,Kiaran Kirk,3
Jeffrey Epstein,Susan Nickel-Schindewolf,3
Jeffrey Epstein,Gordon Getty,2
Jeffrey Epstein,J,7
Andrew Khouri,Kathy Ruemmler,2
Susan Nickel-Schindewolf,Lawrence Krauss,6
Susan Nickel-Schindewolf,Peter Aldhous,6
Susan Nickel-Schindewolf,Azeen Ghorayshi,6
Susan Nickel-Schindewolf,Erin Ellison,6
Susan Nickel-Schindewolf,Kiaran Kirk,6
Michael Wolff,Darren Indyke,5
Michael Wolff,Alan Dershowitz,3
Michael Wolff,Kathy Ruemmler,12
Michael Wolff,Steve Bannon,2
Michael Wolff,Ken Starr,5
Jeff Skoll,John Brockman,1
Jeff Skoll,Bill Gates,1
Jeff Skoll,Bill Joy,1
Jeff Skoll,Charles Simonyi,1
Jeff Skoll,Danny Hillis,1
Jeff Skoll,Dean Kamen,1
Jeff Skoll,Elon Musk,1
Jeff Skoll,Eric Schmidt,1
Jeff Skoll,Evan Williams,1
Jeff Skoll,Hubert Burda,1
Jeff Skoll,Jean Pigozzi,1
Jeff Skoll,Jimmy Wales,1
Jeff Skoll,John Doerr,1
Jeff Skoll,Kary Mullis,1
Jeff Skoll,Larry Page,1
Jeff Skoll,Maja Hoffman,1
Jeff Skoll,Marissa Mayer,1
Jeff Skoll,Miuccia Prada,1
Jeff Skoll,Nathan Myhrvold,1
Jeff Skoll,Pierre Omidyar,1
Jeff Skoll,Ricardo Salinas Pilego,1
Jeff Skoll,Salar Kamangar,1
Jeff Skoll,Sean Parker,1
Jeff Skoll,Steve Case,1
Jeff Skoll,Vinod Khosla,1
Nancy Cain,Alan Dershowitz,1
Nancy Cain,Tom,1
Nancy Cain,Paul Krassner,2
Nancy Cain,Daniel Dawson,1
Nancy Cain,George Krassner,1
Nancy Cain,Kevin Bright,1
Nancy Cain,Lee Quarnstrom,1
Nancy Cain,Linda W. Grossman,1
Nancy Cain,Michael Simmons,1
Nancy Cain,Steven Gaydos,1
Nancy Cain,paul krassner,1
Bill Gates,Boris Nikolic,2
Bill Gates,John Brockman,1
Bill Gates,Bill Joy,1
Bill Gates,Charles Simonyi,1
Bill Gates,Danny Hillis,1
Bill Gates,Dean Kamen,1
Bill Gates,Elon Musk,1
Bill Gates,Eric Schmidt,1
Bill Gates,Evan Williams,1
Bill Gates,Hubert Burda,1
Bill Gates,Jean Pigozzi,1
Bill Gates,Jimmy Wales,1
Bill Gates,John Doerr,1
Bill Gates,Kary Mullis,1
Bill Gates,Larry Page,1
Bill Gates,Maja Hoffman,1
Bill Gates,Marissa Mayer,1
Bill Gates,Miuccia Prada,1
Bill Gates,Nathan Myhrvold,1
Bill Gates,Pierre Omidyar,1
Bill Gates,Ricardo Salinas Pilego,1
Bill Gates,Salar Kamangar,1
Bill Gates,Sean Parker,1
Bill Gates,Steve Case,1
Bill Gates,Vinod Khosla,1
Marshall Funk,Janet Kafka,2
Marshall Funk,Joel Dunn,1
Marshall Funk,Terry Kafka,2
Marshall Funk,Adj Kearsarge,2
Marshall Funk,Allen West,2
Marshall Funk,Bennet Greenwald,1
Marshall Funk,Bennett Schmidt,2
Marshall Funk,Dennis Prager,1
Marshall Funk,Forrest Miller,2
Marshall Funk,Gary Gross,2
Marshall Funk,Grant Seeger,2
Marshall Funk,House,1
Marshall Funk,John Zouzelka,2
Marshall Funk,Marcie Brown,2
Marshall Funk,Mark Epstein,2
Marshall Funk,Michael Horowitz,1
Marshall Funk,Michael Pis,2
Marshall Funk,Michael Stechel Buchholtz,1
Marshall Funk,Mike Cohen,2
Marshall Funk,Nate White,2
Marshall Funk,Neil Anderson,2
Marshall Funk,Philip Kafka,2
Marshall Funk,Rafael Bardaji,2
Marshall Funk,Taal Safdie,2
Marshall Funk,Uri Fouzailov,2
Marshall Funk,Val Sherman,2
Heather Gray,Darren Indyke,1
Heather Gray,Lesley Groff,2
Heather Gray,Barry J. Cohen,2
Heather Gray,Joe Avantario,2
Heather Gray,John Castrucci,2
Heather Gray,Larry Delson,2
Heather Gray,Leon,1
Heather Gray,Melanie Spinella,2
Heather Gray,Richard Joslin,2
Heather Gray,Thomas Turrin,2
Heather Gray,Tom,1
Bradley Edwards,Jack Goldberger,1
Bradley Edwards,Darren Indyke,1
Bradley Edwards,Alan Dershowitz,2
Bradley Edwards,Lanna Belohlavek,1
Bradley Edwards,Jay Lefkowitz,1
Bradley Edwards,Larry Visoski,1
Bradley Edwards,Kathy Ruemmler,3
Bradley Edwards,Jack Scarola,2
Bradley Edwards,Paul Cassell,2
Bradley Edwards,Virginia Roberts,2
Steven Gaydos,Tom,1
Steven Gaydos,Paul Krassner,1
Steven Gaydos,paul krassner,2
Steven Gaydos,Daniel Dawson,1
Steven Gaydos,George Krassner,1
Steven Gaydos,Kevin Bright,1
Steven Gaydos,Lee Quarnstrom,1
Steven Gaydos,Linda W. Grossman,1
Steven Gaydos,Michael Simmons,1
Uri Fouzailov,Janet Kafka,2
Uri Fouzailov,Joel Dunn,1
Uri Fouzailov,Terry Kafka,2
Uri Fouzailov,Adj Kearsarge,2
Uri Fouzailov,Allen West,2
Uri Fouzailov,Bennet Greenwald,1
Uri Fouzailov,Bennett Schmidt,2
Uri Fouzailov,Dennis Prager,1
Uri Fouzailov,Forrest Miller,2
Uri Fouzailov,Gary Gross,2
Uri Fouzailov,Grant Seeger,2
Uri Fouzailov,House,1
Uri Fouzailov,John Zouzelka,2
Uri Fouzailov,Marcie Brown,2
Uri Fouzailov,Mark Epstein,2
Uri Fouzailov,Michael Horowitz,1
Uri Fouzailov,Michael Pis,2
Uri Fouzailov,Michael Stechel Buchholtz,1
Uri Fouzailov,Mike Cohen,2
Uri Fouzailov,Nate White,2
Uri Fouzailov,Neil Anderson,2
Uri Fouzailov,Philip Kafka,2
Uri Fouzailov,Rafael Bardaji,2
Uri Fouzailov,Taal Safdie,2
Uri Fouzailov,Val Sherman,2
Darren Indyke,Robert D. Critton Jr.,2
Darren Indyke,Jack Goldberger,8
Darren Indyke,Lesley Groff,4
Darren Indyke,Peter Thiel,1
Darren Indyke,Rich Kahn,4
Darren Indyke,Tonja Haddad Coleman,13
Darren Indyke,Google Alerts,3
Darren Indyke,Brad Edwards,3
Darren Indyke,Kathy Ruemmler,10
Darren Indyke,Steven Hoffenberg,11
Darren Indyke,Michael Miller,3
Darren Indyke,Larry Visoski,3
Darren Indyke,Barry J. Cohen,1
Darren Indyke,Joe Avantario,1
Darren Indyke,John Castrucci,1
Darren Indyke,Larry Delson,1
Darren Indyke,Melanie Spinella,1
Darren Indyke,Richard Joslin,1
Darren Indyke,Thomas Turrin,1
Darren Indyke,Alan Dershowitz,2
Darren Indyke,Ken Starr,2
Darren Indyke,J,3
Darren Indyke,Jack Scarola,1
Darren Indyke,Kenneth Starr,1
Darren Indyke,Paul Cassell,1
Darren Indyke,Jay Lefkowitz,1
Darren Indyke,Lanna Belohlavek,1
Dennis Prager,Janet Kafka,1
Dennis Prager,Joel Dunn,1
Dennis Prager,Terry Kafka,1
Dennis Prager,Adj Kearsarge,1
Dennis Prager,Allen West,1
Dennis Prager,Bennet Greenwald,1
Dennis Prager,Bennett Schmidt,1
Dennis Prager,Forrest Miller,1
Dennis Prager,Gary Gross,1
Dennis Prager,Grant Seeger,1
Dennis Prager,House,1
Dennis Prager,John Zouzelka,1
Dennis Prager,Marcie Brown,1
Dennis Prager,Mark Epstein,1
Dennis Prager,Michael Horowitz,1
Dennis Prager,Michael Pis,1
Dennis Prager,Michael Stechel Buchholtz,1
Dennis Prager,Mike Cohen,1
Dennis Prager,Nate White,1
Dennis Prager,Neil Anderson,1
Dennis Prager,Philip Kafka,1
Dennis Prager,Rafael Bardaji,1
Dennis Prager,Taal Safdie,1
Dennis Prager,Val Sherman,1
Nate White,Janet Kafka,2
Nate White,Joel Dunn,1
Nate White,Terry Kafka,2
Nate White,Adj Kearsarge,2
Nate White,Allen West,2
Nate White,Bennet Greenwald,1
Nate White,Bennett Schmidt,2
Nate White,Forrest Miller,2
Nate White,Gary Gross,2
Nate White,Grant Seeger,2
Nate White,House,1
Nate White,John Zouzelka,2
Nate White,Marcie Brown,2
Nate White,Mark Epstein,2
Nate White,Michael Horowitz,1
Nate White,Michael Pis,2
Nate White,Michael Stechel Buchholtz,1
Nate White,Mike Cohen,2
Nate White,Neil Anderson,2
Nate White,Philip Kafka,2
Nate White,Rafael Bardaji,2
Nate White,Taal Safdie,2
Nate White,Val Sherman,2
Lanna Belohlavek,Robert D. Critton Jr.,2
Lanna Belohlavek,Jessica Cadwell,2
Lanna Belohlavek,Jack Goldberger,5
Lanna Belohlavek,Alan Dershowitz,2
Lanna Belohlavek,Alan M. Dershowitz,3
Lanna Belohlavek,Kenneth Starr,4
Lanna Belohlavek,Michael Reiter,4
Lanna Belohlavek,Jay Lefkowitz,1
Lanna Belohlavek,Kathy Ruemmler,1
GMAX,Alan Dershowitz,1
GMAX,Alan M. Dershowitz,2
GMAX,Jay Lefkowitz,1
GMAX,Darren lndyke,1
GMAX,J,1
Jimmy Wales,John Brockman,1
Jimmy Wales,Bill Joy,1
Jimmy Wales,Charles Simonyi,1
Jimmy Wales,Danny Hillis,1
Jimmy Wales,Dean Kamen,1
Jimmy Wales,Elon Musk,1
Jimmy Wales,Eric Schmidt,1
Jimmy Wales,Evan Williams,1
Jimmy Wales,Hubert Burda,1
Jimmy Wales,Jean Pigozzi,1
Jimmy Wales,John Doerr,1
Jimmy Wales,Kary Mullis,1
Jimmy Wales,Larry Page,1
Jimmy Wales,Maja Hoffman,1
Jimmy Wales,Marissa Mayer,1
Jimmy Wales,Miuccia Prada,1
Jimmy Wales,Nathan Myhrvold,1
Jimmy Wales,Pierre Omidyar,1
Jimmy Wales,Ricardo Salinas Pilego,1
Jimmy Wales,Salar Kamangar,1
Jimmy Wales,Sean Parker,1
Jimmy Wales,Steve Case,1
Jimmy Wales,Vinod Khosla,1
Janet Kafka,Warren Eisenstein,1
Janet Kafka,Jeffery Edwards,1
Janet Kafka,Joel Dunn,2
Janet Kafka,Mark L. Epstein,1
Janet Kafka,Terry Kafka,4
Janet Kafka,Adj Kearsarge,2
Janet Kafka,Allen West,2
Janet Kafka,Bennet Greenwald,1
Janet Kafka,Bennett Schmidt,2
Janet Kafka,Forrest Miller,2
Janet Kafka,Gary Gross,2
Janet Kafka,Grant Seeger,2
Janet Kafka,House,1
Janet Kafka,John Zouzelka,2
Janet Kafka,Marcie Brown,2
Janet Kafka,Mark Epstein,2
Janet Kafka,Michael Horowitz,1
Janet Kafka,Michael Pis,2
Janet Kafka,Michael Stechel Buchholtz,1
Janet Kafka,Mike Cohen,2
Janet Kafka,Neil Anderson,2
Janet Kafka,Philip Kafka,4
Janet Kafka,Rafael Bardaji,2
Janet Kafka,Taal Safdie,2
Janet Kafka,Val Sherman,2
Janet Kafka,Brad Bowen,2
Rafael Bardaji,Joel Dunn,1
Rafael Bardaji,Terry Kafka,2
Rafael Bardaji,Adj Kearsarge,2
Rafael Bardaji,Allen West,2
Rafael Bardaji,Bennet Greenwald,1
Rafael Bardaji,Bennett Schmidt,2
Rafael Bardaji,Forrest Miller,2
Rafael Bardaji,Gary Gross,2
Rafael Bardaji,Grant Seeger,2
Rafael Bardaji,House,1
Rafael Bardaji,John Zouzelka,2
Rafael Bardaji,Marcie Brown,2
Rafael Bardaji,Mark Epstein,2
Rafael Bardaji,Michael Horowitz,1
Rafael Bardaji,Michael Pis,2
Rafael Bardaji,Michael Stechel Buchholtz,1
Rafael Bardaji,Mike Cohen,2
Rafael Bardaji,Neil Anderson,2
Rafael Bardaji,Philip Kafka,2
Rafael Bardaji,Taal Safdie,2
Rafael Bardaji,Val Sherman,2
Bill Joy,John Brockman,1
Bill Joy,Charles Simonyi,1
Bill Joy,Danny Hillis,1
Bill Joy,Dean Kamen,1
Bill Joy,Elon Musk,1
Bill Joy,Eric Schmidt,1
Bill Joy,Evan Williams,1
Bill Joy,Hubert Burda,1
Bill Joy,Jean Pigozzi,1
Bill Joy,John Doerr,1
Bill Joy,Kary Mullis,1
Bill Joy,Larry Page,1
Bill Joy,Maja Hoffman,1
Bill Joy,Marissa Mayer,1
Bill Joy,Miuccia Prada,1
Bill Joy,Nathan Myhrvold,1
Bill Joy,Pierre Omidyar,1
Bill Joy,Ricardo Salinas Pilego,1
Bill Joy,Salar Kamangar,1
Bill Joy,Sean Parker,1
Bill Joy,Steve Case,1
Bill Joy,Vinod Khosla,1
Leon,Lesley Groff,1
Leon,Kathy Ruemmler,1
Leon,Barry J. Cohen,1
Leon,Joe Avantario,1
Leon,John Castrucci,1
Leon,Larry Delson,1
Leon,Melanie Spinella,1
Leon,Richard Joslin,1
Leon,Thomas Turrin,1
Leon,Tom,1
Leon,Steve Bannon,1
Kenneth Starr,Robert D. Critton Jr.,2
Kenneth Starr,Jessica Cadwell,2
Kenneth Starr,Jack Goldberger,7
Kenneth Starr,Alan Dershowitz,2
Kenneth Starr,Alan M. Dershowitz,3
Kenneth Starr,Michael Reiter,4
Kenneth Starr,Brad Edwards,3
Kenneth Starr,J,2
Kenneth Starr,Jack Scarola,3
Kenneth Starr,Paul Cassell,3
Marcie Brown,Joel Dunn,1
Marcie Brown,Terry Kafka,2
Marcie Brown,Adj Kearsarge,2
Marcie Brown,Allen West,2
Marcie Brown,Bennet Greenwald,1
Marcie Brown,Bennett Schmidt,2
Marcie Brown,Forrest Miller,2
Marcie Brown,Gary Gross,2
Marcie Brown,Grant Seeger,2
Marcie Brown,House,1
Marcie Brown,John Zouzelka,2
Marcie Brown,Mark Epstein,2
Marcie Brown,Michael Horowitz,1
Marcie Brown,Michael Pis,2
Marcie Brown,Michael Stechel Buchholtz,1
Marcie Brown,Mike Cohen,2
Marcie Brown,Neil Anderson,2
Marcie Brown,Philip Kafka,2
Marcie Brown,Taal Safdie,2
Marcie Brown,Val Sherman,2
Miuccia Prada,John Brockman,1
Miuccia Prada,Charles Simonyi,1
Miuccia Prada,Danny Hillis,1
Miuccia Prada,Dean Kamen,1
Miuccia Prada,Elon Musk,1
Miuccia Prada,Eric Schmidt,1
Miuccia Prada,Evan Williams,1
Miuccia Prada,Hubert Burda,1
Miuccia Prada,Jean Pigozzi,1
Miuccia Prada,John Doerr,1
Miuccia Prada,Kary Mullis,1
Miuccia Prada,Larry Page,1
Miuccia Prada,Maja Hoffman,1
Miuccia Prada,Marissa Mayer,1
Miuccia Prada,Nathan Myhrvold,1
Miuccia Prada,Pierre Omidyar,1
Miuccia Prada,Ricardo Salinas Pilego,1
Miuccia Prada,Salar Kamangar,1
Miuccia Prada,Sean Parker,1
Miuccia Prada,Steve Case,1
Miuccia Prada,Vinod Khosla,1
Nathan Myhrvold,John Brockman,1
Nathan Myhrvold,Charles Simonyi,1
Nathan Myhrvold,Danny Hillis,1
Nathan Myhrvold,Dean Kamen,1
Nathan Myhrvold,Elon Musk,1
Nathan Myhrvold,Eric Schmidt,1
Nathan Myhrvold,Evan Williams,1
Nathan Myhrvold,Hubert Burda,1
Nathan Myhrvold,Jean Pigozzi,1
Nathan Myhrvold,John Doerr,1
Nathan Myhrvold,Kary Mullis,1
Nathan Myhrvold,Larry Page,1
Nathan Myhrvold,Maja Hoffman,1
Nathan Myhrvold,Marissa Mayer,1
Nathan Myhrvold,Pierre Omidyar,1
Nathan Myhrvold,Ricardo Salinas Pilego,1
Nathan Myhrvold,Salar Kamangar,1
Nathan Myhrvold,Sean Parker,1
Nathan Myhrvold,Steve Case,1
Nathan Myhrvold,Vinod Khosla,1
Philip Kafka,Joel Dunn,1
Philip Kafka,Terry Kafka,4
Philip Kafka,Brad Bowen,2
Philip Kafka,Adj Kearsarge,2
Philip Kafka,Allen West,2
Philip Kafka,Bennet Greenwald,1
Philip Kafka,Bennett Schmidt,2
Philip Kafka,Forrest Miller,2
Philip Kafka,Gary Gross,2
Philip Kafka,Grant Seeger,2
Philip Kafka,House,1
Philip Kafka,John Zouzelka,2
Philip Kafka,Mark Epstein,2
Philip Kafka,Michael Horowitz,1
Philip Kafka,Michael Pis,2
Philip Kafka,Michael Stechel Buchholtz,1
Philip Kafka,Mike Cohen,2
Philip Kafka,Neil Anderson,2
Philip Kafka,Taal Safdie,2
Philip Kafka,Val Sherman,2
Steven Hoffenberg,Darren lndyke,1
Kathy Ruemmler,Jack Goldberger,1
Kathy Ruemmler,Alan Dershowitz,8
Kathy Ruemmler,Jay Lefkowitz,1
Kathy Ruemmler,Darren lndyke,5
Kathy Ruemmler,John Connolly,1
Kathy Ruemmler,Larry Visoski,1
Kathy Ruemmler,Jack Scarola,2
Kathy Ruemmler,Paul Cassell,2
Kathy Ruemmler,Virginia Roberts,3
Kathy Ruemmler,Stephen J. Immelt,3
Kathy Ruemmler,David Boies,1
Kathy Ruemmler,Steve Bannon,10
Kathy Ruemmler,J,6
Kathy Ruemmler,Ken Starr,4
Kevin Bright,Tom,1
Kevin Bright,Paul Krassner,2
Kevin Bright,paul krassner,1
Kevin Bright,Daniel Dawson,2
Kevin Bright,George Krassner,2
Kevin Bright,Lee Quarnstrom,2
Kevin Bright,Linda W. Grossman,1
Kevin Bright,Michael Simmons,2
Jay Lefkowitz,Jack Goldberger,2
Jay Lefkowitz,Alan Dershowitz,1
Jay Lefkowitz,Brad Edwards,1
Rich Kahn,Lesley Groff,2
Rich Kahn,Darren lndyke,2
Rich Kahn,Larry Visoski,3
Terry Kafka,Warren Eisenstein,1
Terry Kafka,Jeffery Edwards,1
Terry Kafka,Joel Dunn,2
Terry Kafka,Mark L. Epstein,2
Terry Kafka,Brad Bowen,2
Terry Kafka,Adj Kearsarge,2
Terry Kafka,Allen West,2
Terry Kafka,Bennet Greenwald,1
Terry Kafka,Bennett Schmidt,2
Terry Kafka,Forrest Miller,2
Terry Kafka,Gary Gross,2
Terry Kafka,Grant Seeger,2
Terry Kafka,House,1
Terry Kafka,John Zouzelka,2
Terry Kafka,Mark Epstein,2
Terry Kafka,Michael Horowitz,1
Terry Kafka,Michael Pis,2
Terry Kafka,Michael Stechel Buchholtz,1
Terry Kafka,Mike Cohen,2
Terry Kafka,Neil Anderson,2
Terry Kafka,Taal Safdie,2
Terry Kafka,Val Sherman,2
Peter Aldhous,Lawrence Krauss,11
Peter Aldhous,Azeen Ghorayshi,6
Peter Aldhous,Erin Ellison,6
Peter Aldhous,Kiaran Kirk,6
Michael Simmons,Tom,1
Michael Simmons,Paul Krassner,1
Michael Simmons,paul krassner,1
Michael Simmons,Daniel Dawson,2
Michael Simmons,George Krassner,2
Michael Simmons,Lee Quarnstrom,2
Michael Simmons,Linda W. Grossman,1
Lesley Groff,Darren lndyke,1
Lesley Groff,Stephanie,2
Lesley Groff,Barry J. Cohen,2
Lesley Groff,Joe Avantario,2
Lesley Groff,John Castrucci,2
Lesley Groff,Larry Delson,2
Lesley Groff,Melanie Spinella,2
Lesley Groff,Richard Joslin,2
Lesley Groff,Thomas Turrin,2
Lesley Groff,Tom,1
Lesley Groff,Ken Starr,1
Lesley Groff,Larry Visoski,1
Bennet Greenwald,Joel Dunn,1
Bennet Greenwald,Adj Kearsarge,1
Bennet Greenwald,Allen West,1
Bennet Greenwald,Bennett Schmidt,1
Bennet Greenwald,Forrest Miller,1
Bennet Greenwald,Gary Gross,1
Bennet Greenwald,Grant Seeger,1
Bennet Greenwald,House,1
Bennet Greenwald,John Zouzelka,1
Bennet Greenwald,Mark Epstein,1
Bennet Greenwald,Michael Horowitz,1
Bennet Greenwald,Michael Pis,1
Bennet Greenwald,Michael Stechel Buchholtz,1
Bennet Greenwald,Mike Cohen,1
Bennet Greenwald,Neil Anderson,1
Bennet Greenwald,Taal Safdie,1
Bennet Greenwald,Val Sherman,1
Lee Quarnstrom,Tom,1
Lee Quarnstrom,Paul Krassner,1
Lee Quarnstrom,paul krassner,1
Lee Quarnstrom,Daniel Dawson,2
Lee Quarnstrom,George Krassner,2
Lee Quarnstrom,Linda W. Grossman,1
Elizabeth Lee Sample,Fitz Corr,2
Linda W. Grossman,Tom,1
Linda W. Grossman,Paul Krassner,1
Linda W. Grossman,paul krassner,2
Linda W. Grossman,Daniel Dawson,1
Linda W. Grossman,George Krassner,3
Taal Safdie,Joel Dunn,1
Taal Safdie,Adj Kearsarge,2
Taal Safdie,Allen West,2
Taal Safdie,Bennett Schmidt,2
Taal Safdie,Forrest Miller,2
Taal Safdie,Gary Gross,2
Taal Safdie,Grant Seeger,2
Taal Safdie,House,1
Taal Safdie,John Zouzelka,2
Taal Safdie,Mark Epstein,2
Taal Safdie,Michael Horowitz,1
Taal Safdie,Michael Pis,2
Taal Safdie,Michael Stechel Buchholtz,1
Taal Safdie,Mike Cohen,2
Taal Safdie,Neil Anderson,2
Taal Safdie,Val Sherman,2
Adj Kearsarge,Joel Dunn,1
Adj Kearsarge,Allen West,2
Adj Kearsarge,Bennett Schmidt,2
Adj Kearsarge,Forrest Miller,2
Adj Kearsarge,Gary Gross,2
Adj Kearsarge,Grant Seeger,2
Adj Kearsarge,House,1
Adj Kearsarge,John Zouzelka,2
Adj Kearsarge,Mark Epstein,2
Adj Kearsarge,Michael Horowitz,1
Adj Kearsarge,Michael Pis,2
Adj Kearsarge,Michael Stechel Buchholtz,1
Adj Kearsarge,Mike Cohen,2
Adj Kearsarge,Neil Anderson,2
Adj Kearsarge,Val Sherman,2
Virginia Roberts,Alan Dershowitz,2
Virginia Roberts,Darren lndyke,1
Virginia Roberts,Larry Visoski,1
Virginia Roberts,Jack Scarola,2
Virginia Roberts,Paul Cassell,2
Robert Trivers,Alan Dershowitz,1
Robert Trivers,Gordon Getty,2
Brad Bowen,Mark L. Epstein,1
paul krassner,John Brockman,1
paul krassner,Tom,1
paul krassner,Daniel Dawson,1
paul krassner,George Krassner,2
Melanie Spinella,Barry J. Cohen,6
Melanie Spinella,Joe Avantario,2
Melanie Spinella,John Castrucci,2
Melanie Spinella,Larry Delson,2
Melanie Spinella,Richard Joslin,2
Melanie Spinella,Thomas Turrin,2
Melanie Spinella,Tom,1
Barry J. Cohen,Joe Avantario,2
Barry J. Cohen,John Castrucci,2
Barry J. Cohen,Larry Delson,2
Barry J. Cohen,Richard Joslin,2
Barry J. Cohen,Thomas Turrin,2
Barry J. Cohen,Tom,1
John Brockman,Charles Simonyi,1
John Brockman,Danny Hillis,1
John Brockman,Dean Kamen,1
John Brockman,Elon Musk,1
John Brockman,Eric Schmidt,1
John Brockman,Evan Williams,1
John Brockman,Hubert Burda,1
John Brockman,Jean Pigozzi,1
John Brockman,John Doerr,1
John Brockman,Kary Mullis,1
John Brockman,Larry Page,1
John Brockman,Maja Hoffman,1
John Brockman,Marissa Mayer,1
John Brockman,Pierre Omidyar,1
John Brockman,Ricardo Salinas Pilego,1
John Brockman,Salar Kamangar,1
John Brockman,Sean Parker,1
John Brockman,Steve Case,1
John Brockman,Vinod Khosla,1
Allen West,Joel Dunn,1
Allen West,Bennett Schmidt,2
Allen West,Forrest Miller,2
Allen West,Gary Gross,2
Allen West,Grant Seeger,2
Allen West,House,1
Allen West,John Zouzelka,2
Allen West,Mark Epstein,2
Allen West,Michael Horowitz,1
Allen West,Michael Pis,2
Allen West,Michael Stechel Buchholtz,1
Allen West,Mike Cohen,2
Allen West,Neil Anderson,2
Allen West,Val Sherman,2
Lawrence Krauss,Ken Starr,1
Lawrence Krauss,Azeen Ghorayshi,6
Lawrence Krauss,Erin Ellison,6
Lawrence Krauss,Kiaran Kirk,6
Bennett Schmidt,Joel Dunn,1
Bennett Schmidt,Forrest Miller,2
Bennett Schmidt,Gary Gross,2
Bennett Schmidt,Grant Seeger,2
Bennett Schmidt,House,1
Bennett Schmidt,John Zouzelka,2
Bennett Schmidt,Mark Epstein,2
Bennett Schmidt,Michael Horowitz,1
Bennett Schmidt,Michael Pis,2
Bennett Schmidt,Michael Stechel Buchholtz,1
Bennett Schmidt,Mike Cohen,2
Bennett Schmidt,Neil Anderson,2
Bennett Schmidt,Val Sherman,2
Alan M. Dershowitz,Robert D. Critton Jr.,3
Alan M. Dershowitz,Jessica Cadwell,2
Alan M. Dershowitz,Jack Goldberger,6
Alan M. Dershowitz,Alan Dershowitz,1
Alan M. Dershowitz,Michael Reiter,6
Alan M. Dershowitz,Darren lndyke,1
Alan M. Dershowitz,J,1
Dean Kamen,Charles Simonyi,1
Dean Kamen,Danny Hillis,1
Dean Kamen,Elon Musk,1
Dean Kamen,Eric Schmidt,1
Dean Kamen,Evan Williams,1
Dean Kamen,Hubert Burda,1
Dean Kamen,Jean Pigozzi,1
Dean Kamen,John Doerr,1
Dean Kamen,Kary Mullis,1
Dean Kamen,Larry Page,1
Dean Kamen,Maja Hoffman,1
Dean Kamen,Marissa Mayer,1
Dean Kamen,Pierre Omidyar,1
Dean Kamen,Ricardo Salinas Pilego,1
Dean Kamen,Salar Kamangar,1
Dean Kamen,Sean Parker,1
Dean Kamen,Steve Case,1
Dean Kamen,Vinod Khosla,1
Larry Page,Charles Simonyi,1
Larry Page,Danny Hillis,1
Larry Page,Elon Musk,1
Larry Page,Eric Schmidt,1
Larry Page,Evan Williams,1
Larry Page,Hubert Burda,1
Larry Page,Jean Pigozzi,1
Larry Page,John Doerr,1
Larry Page,Kary Mullis,1
Larry Page,Maja Hoffman,1
Larry Page,Marissa Mayer,1
Larry Page,Pierre Omidyar,1
Larry Page,Ricardo Salinas Pilego,1
Larry Page,Salar Kamangar,1
Larry Page,Sean Parker,1
Larry Page,Steve Case,1
Larry Page,Vinod Khosla,1
Larry Visoski,Alan Dershowitz,1
Larry Visoski,Jack Scarola,1
Larry Visoski,Paul Cassell,1
Larry Visoski,J,1
Ricardo Salinas Pilego,Charles Simonyi,1
Ricardo Salinas Pilego,Danny Hillis,1
Ricardo Salinas Pilego,Elon Musk,1
Ricardo Salinas Pilego,Eric Schmidt,1
Ricardo Salinas Pilego,Evan Williams,1
Ricardo Salinas Pilego,Hubert Burda,1
Ricardo Salinas Pilego,Jean Pigozzi,1
Ricardo Salinas Pilego,John Doerr,1
Ricardo Salinas Pilego,Kary Mullis,1
Ricardo Salinas Pilego,Maja Hoffman,1
Ricardo Salinas Pilego,Marissa Mayer,1
Ricardo Salinas Pilego,Pierre Omidyar,1
Ricardo Salinas Pilego,Salar Kamangar,1
Ricardo Salinas Pilego,Sean Parker,1
Ricardo Salinas Pilego,Steve Case,1
Ricardo Salinas Pilego,Vinod Khosla,1
Marissa Mayer,Charles Simonyi,1
Marissa Mayer,Danny Hillis,1
Marissa Mayer,Elon Musk,1
Marissa Mayer,Eric Schmidt,1
Marissa Mayer,Evan Williams,1
Marissa Mayer,Hubert Burda,1
Marissa Mayer,Jean Pigozzi,1
Marissa Mayer,John Doerr,1
Marissa Mayer,Kary Mullis,1
Marissa Mayer,Maja Hoffman,1
Marissa Mayer,Pierre Omidyar,1
Marissa Mayer,Salar Kamangar,1
Marissa Mayer,Sean Parker,1
Marissa Mayer,Steve Case,1
Marissa Mayer,Vinod Khosla,1
Grant Seeger,Joel Dunn,1
Grant Seeger,Forrest Miller,2
Grant Seeger,Gary Gross,2
Grant Seeger,House,1
Grant Seeger,John Zouzelka,2
Grant Seeger,Mark Epstein,2
Grant Seeger,Michael Horowitz,1
Grant Seeger,Michael Pis,2
Grant Seeger,Michael Stechel Buchholtz,1
Grant Seeger,Mike Cohen,2
Grant Seeger,Neil Anderson,2
Grant Seeger,Val Sherman,2
John Castrucci,Joe Avantario,2
John Castrucci,Larry Delson,2
John Castrucci,Richard Joslin,3
John Castrucci,Thomas Turrin,2
John Castrucci,Tom,1
Sean Parker,Charles Simonyi,1
Sean Parker,Danny Hillis,1
Sean Parker,Elon Musk,1
Sean Parker,Eric Schmidt,1
Sean Parker,Evan Williams,1
Sean Parker,Hubert Burda,1
Sean Parker,Jean Pigozzi,1
Sean Parker,John Doerr,1
Sean Parker,Kary Mullis,1
Sean Parker,Maja Hoffman,1
Sean Parker,Pierre Omidyar,1
Sean Parker,Salar Kamangar,1
Sean Parker,Steve Case,1
Sean Parker,Vinod Khosla,1
John Zouzelka,Joel Dunn,1
John Zouzelka,Forrest Miller,2
John Zouzelka,Gary Gross,2
John Zouzelka,House,1
John Zouzelka,Mark Epstein,2
John Zouzelka,Michael Horowitz,1
John Zouzelka,Michael Pis,2
John Zouzelka,Michael Stechel Buchholtz,1
John Zouzelka,Mike Cohen,2
John Zouzelka,Neil Anderson,2
John Zouzelka,Val Sherman,2
Michael Reiter,Robert D. Critton Jr.,4
Michael Reiter,Jessica Cadwell,3
Michael Reiter,Jack Goldberger,4
Michael Reiter,Alan Dershowitz,2
Robert D. Critton Jr.,Jessica Cadwell,11
Robert D. Critton Jr.,Jack Goldberger,5
Robert D. Critton Jr.,Alan Dershowitz,1
Tonja Haddad Coleman,Jack Goldberger,2
Joel Dunn,Warren Eisenstein,1
Joel Dunn,Jeffery Edwards,1
Joel Dunn,Mark L. Epstein,1
Joel Dunn,Forrest Miller,1
Joel Dunn,Gary Gross,1
Joel Dunn,House,1
Joel Dunn,Mark Epstein,1
Joel Dunn,Michael Horowitz,1
Joel Dunn,Michael Pis,1
Joel Dunn,Michael Stechel Buchholtz,1
Joel Dunn,Mike Cohen,1
Joel Dunn,Neil Anderson,1
Joel Dunn,Val Sherman,1
Danny Hillis,Charles Simonyi,1
Danny Hillis,Elon Musk,1
Danny Hillis,Eric Schmidt,1
Danny Hillis,Evan Williams,1
Danny Hillis,Hubert Burda,1
Danny Hillis,Jean Pigozzi,1
Danny Hillis,John Doerr,1
Danny Hillis,Kary Mullis,1
Danny Hillis,Maja Hoffman,1
Danny Hillis,Pierre Omidyar,1
Danny Hillis,Salar Kamangar,1
Danny Hillis,Steve Case,1
Danny Hillis,Vinod Khosla,1
Pierre Omidyar,Charles Simonyi,1
Pierre Omidyar,Elon Musk,1
Pierre Omidyar,Eric Schmidt,1
Pierre Omidyar,Evan Williams,1
Pierre Omidyar,Hubert Burda,1
Pierre Omidyar,Jean Pigozzi,1
Pierre Omidyar,John Doerr,1
Pierre Omidyar,Kary Mullis,1
Pierre Omidyar,Maja Hoffman,1
Pierre Omidyar,Salar Kamangar,1
Pierre Omidyar,Steve Case,1
Pierre Omidyar,Vinod Khosla,1
Stephanie,Peggy Siegal,2
Michael Stechel Buchholtz,Forrest Miller,1
Michael Stechel Buchholtz,Gary Gross,1
Michael Stechel Buchholtz,House,1
Michael Stechel Buchholtz,Mark Epstein,1
Michael Stechel Buchholtz,Michael Horowitz,1
Michael Stechel Buchholtz,Michael Pis,1
Michael Stechel Buchholtz,Mike Cohen,1
Michael Stechel Buchholtz,Neil Anderson,1
Michael Stechel Buchholtz,Val Sherman,1
Elon Musk,Charles Simonyi,1
Elon Musk,Eric Schmidt,1
Elon Musk,Evan Williams,1
Elon Musk,Hubert Burda,1
Elon Musk,Jean Pigozzi,1
Elon Musk,John Doerr,1
Elon Musk,Kary Mullis,1
Elon Musk,Maja Hoffman,1
Elon Musk,Salar Kamangar,1
Elon Musk,Steve Case,1
Elon Musk,Vinod Khosla,1
David Boies,Michael Miller,1
Kiaran Kirk,Azeen Ghorayshi,6
Kiaran Kirk,Erin Ellison,6
Mike Cohen,Forrest Miller,2
Mike Cohen,Gary Gross,2
Mike Cohen,House,1
Mike Cohen,Mark Epstein,2
Mike Cohen,Michael Horowitz,1
Mike Cohen,Michael Pis,2
Mike Cohen,Neil Anderson,2
Mike Cohen,Val Sherman,2
Brad Edwards,Jack Goldberger,4
Brad Edwards,Alan Dershowitz,1
Brad Edwards,Jack Scarola,3
Brad Edwards,Paul Cassell,3
Brad Edwards,J,2
Forrest Miller,Gary Gross,2
Forrest Miller,House,1
Forrest Miller,Mark Epstein,2
Forrest Miller,Michael Horowitz,1
Forrest Miller,Michael Pis,2
Forrest Miller,Neil Anderson,2
Forrest Miller,Val Sherman,2
House,Gary Gross,1
House,Mark Epstein,1
House,Michael Horowitz,1
House,Michael Pis,1
House,Neil Anderson,1
House,Val Sherman,1
Hubert Burda,Charles Simonyi,1
Hubert Burda,Eric Schmidt,1
Hubert Burda,Evan Williams,1
Hubert Burda,Jean Pigozzi,1
Hubert Burda,John Doerr,1
Hubert Burda,Kary Mullis,1
Hubert Burda,Maja Hoffman,1
Hubert Burda,Salar Kamangar,1
Hubert Burda,Steve Case,1
Hubert Burda,Vinod Khosla,1
Warren Eisenstein,Jeffery Edwards,1
Warren Eisenstein,Mark L. Epstein,1
Maja Hoffman,Charles Simonyi,1
Maja Hoffman,Eric Schmidt,1
Maja Hoffman,Evan Williams,1
Maja Hoffman,Jean Pigozzi,1
Maja Hoffman,John Doerr,1
Maja Hoffman,Kary Mullis,1
Maja Hoffman,Salar Kamangar,1
Maja Hoffman,Steve Case,1
Maja Hoffman,Vinod Khosla,1
George Krassner,Tom,1
George Krassner,Paul Krassner,2
George Krassner,Daniel Dawson,2
Eric Schmidt,Charles Simonyi,1
Eric Schmidt,Evan Williams,1
Eric Schmidt,Jean Pigozzi,1
Eric Schmidt,John Doerr,1
Eric Schmidt,Kary Mullis,1
Eric Schmidt,Salar Kamangar,1
Eric Schmidt,Steve Case,1
Eric Schmidt,Vinod Khosla,1
Salar Kamangar,Charles Simonyi,1
Salar Kamangar,Evan Williams,1
Salar Kamangar,Jean Pigozzi,1
Salar Kamangar,John Doerr,1
Salar Kamangar,Kary Mullis,1
Salar Kamangar,Steve Case,1
Salar Kamangar,Vinod Khosla,1
Mark Epstein,Gary Gross,2
Mark Epstein,Michael Horowitz,1
Mark Epstein,Michael Pis,2
Mark Epstein,Neil Anderson,2
Mark Epstein,Val Sherman,2
John Connolly,Darren lndyke,1
Peggy Siegal,Steve Bannon,1
Gary Gross,Michael Horowitz,1
Gary Gross,Michael Pis,2
Gary Gross,Neil Anderson,2
Gary Gross,Val Sherman,2
J,Jack Goldberger,3
J,Alan Dershowitz,1
J,Darren lndyke,1
J,Jack Scarola,2
J,Paul Cassell,2
J,Ken Starr,3
J,Paul Krassner,1
Gordon Getty,Alan Dershowitz,1
Vinod Khosla,Charles Simonyi,1
Vinod Khosla,Evan Williams,1
Vinod Khosla,Jean Pigozzi,1
Vinod Khosla,John Doerr,1
Vinod Khosla,Kary Mullis,1
Vinod Khosla,Steve Case,1
Jessica Cadwell,Jack Goldberger,3
Jessica Cadwell,Alan Dershowitz,1
Richard Joslin,Joe Avantario,2
Richard Joslin,Larry Delson,2
Richard Joslin,Thomas Turrin,2
Richard Joslin,Tom,1
Kary Mullis,Charles Simonyi,1
Kary Mullis,Evan Williams,1
Kary Mullis,Jean Pigozzi,1
Kary Mullis,John Doerr,1
Kary Mullis,Steve Case,1
Michael Pis,Michael Horowitz,1
Michael Pis,Neil Anderson,2
Michael Pis,Val Sherman,2
Larry Delson,Joe Avantario,2
Larry Delson,Thomas Turrin,2
Larry Delson,Tom,1
Google Alerts,Darren lndyke,1
Bill Siegel,Jamie Glazov,3
Val Sherman,Michael Horowitz,1
Val Sherman,Neil Anderson,2
Paul Krassner,Alan Dershowitz,1
Paul Krassner,Daniel Dawson,1
Jeffery Edwards,Mark L. Epstein,1
Thomas Turrin,Joe Avantario,2
Thomas Turrin,Tom,1
Neil Anderson,Michael Horowitz,1
Jack Goldberger,Alan Dershowitz,8
Jack Goldberger,Gmax,1
Jack Goldberger,Jack Scarola,3
Jack Goldberger,Paul Cassell,3
Azeen Ghorayshi,Erin Ellison,6
Paul Cassell,Alan Dershowitz,2
Paul Cassell,Jack Scarola,5
Steve Case,Charles Simonyi,1
Steve Case,Evan Williams,1
Steve Case,Jean Pigozzi,1
Steve Case,John Doerr,1
Evan Williams,Charles Simonyi,1
Evan Williams,Jean Pigozzi,1
Evan Williams,John Doerr,1
John Doerr,Charles Simonyi,1
John Doerr,Jean Pigozzi,1
Ken Starr,Alan Dershowitz,5
Tom,Joe Avantario,1
Tom,Daniel Dawson,1
Charles Simonyi,Jean Pigozzi,1
Jack Scarola,Alan Dershowitz,2
